name,email,gender
Tawsha,tcowle0@google.fr,Male
Kiri,kfairburn1@thetimes.co.uk,Female
Cyrus,coffer2@feedburner.com,Male
Cody,ccruickshank3@canalblog.com,Bigender
Spenser,siamittii4@friendfeed.com,Male
Winnifred,wgroveham5@reddit.com,Male
Ruthi,rjoy6@opensource.org,Female
Lorri,lcramphorn7@pen.io,Male
Gallard,gswinney8@sphinn.com,Female
Minta,mhuddy9@earthlink.net,Female
Arne,achristoffea@state.tx.us,Female
Izabel,iwilkowskib@java.com,Male
Grissel,gblazdellc@ucsd.edu,Female
Edouard,ewhileyd@feedburner.com,Female
Peta,pmccoolee@nsw.gov.au,Female
Camille,cbutlerf@shinystat.com,Female
Aprilette,ascoterboshg@statcounter.com,Male
Tate,tdericoth@xrea.com,Female
Dionysus,dgligorijevici@wufoo.com,Male
Valeda,vcripwellj@youtube.com,Female
Allie,aaxbyk@gov.uk,Polygender
Leshia,lwaisl@typepad.com,Male
Kaiser,kmoralm@angelfire.com,Male
Eddie,ekirwann@wikia.com,Female
Marla,mbarbiero@canalblog.com,Male
Riva,rlemarchantp@histats.com,Male
Morley,mechallieq@feedburner.com,Male
Maryrose,mpaulor@skyrock.com,Genderfluid
Skippy,sdarkins@nymag.com,Female
Laura,ldietschet@livejournal.com,Female
Justine,jyegorchenkovu@ow.ly,Female
Sigismond,sbutterlyv@house.gov,Female
Fannie,ftangyew@nsw.gov.au,Male
Jilleen,jmcbrierx@cnbc.com,Female
Maureen,mnasiy@blogger.com,Male
Julie,joveyz@sogou.com,Genderfluid
Peggie,pclutheram10@parallels.com,Female
Will,wsandhill11@xing.com,Female
Lauren,lminico12@studiopress.com,Male
Hannis,hmcquaker13@blogger.com,Female
Winfield,wberrane14@sakura.ne.jp,Male
Jaynell,jgillmor15@addthis.com,Female
Ardys,amccomas16@storify.com,Non-binary
Arturo,aginsie17@techcrunch.com,Female
Paulie,pgurley18@mtv.com,Male
Loraine,lwadly19@wufoo.com,Female
Bronny,bkidwell1a@auda.org.au,Female
Kimbell,kgaye1b@friendfeed.com,Female
Nadiya,ncarney1c@businesswire.com,Male
Ellsworth,eyarrell1d@hud.gov,Male
Karlik,kformigli1e@tripod.com,Female
Nap,nscholey1f@umn.edu,Female
Micky,mawcoate1g@senate.gov,Female
Evin,erosindill1h@typepad.com,Genderfluid
Lincoln,lbowerman1i@wix.com,Female
Lizabeth,lneilus1j@ucoz.com,Male
Mannie,mhanrahan1k@abc.net.au,Male
Vikki,vabrahamovitz1l@shutterfly.com,Female
Carmina,cjarratt1m@walmart.com,Female
Kesley,kpearton1n@deviantart.com,Female
Harriett,hsiggery1o@wp.com,Female
Ealasaid,eporch1p@amazon.co.uk,Male
Alaine,ayelding1q@istockphoto.com,Female
Thedric,tguillain1r@smh.com.au,Male
Rozina,rwhyte1s@cnn.com,Genderqueer
Darryl,dstansall1t@weebly.com,Female
Lynnette,lloche1u@youku.com,Male
Libbi,ldawes1v@merriam-webster.com,Male
Dietrich,dsalters1w@desdev.cn,Female
Zaneta,zstanlack1x@bing.com,Female
Maudie,mloveitt1y@webnode.com,Male
Woody,wneasam1z@artisteer.com,Female
Renie,rwheelband20@senate.gov,Genderqueer
Jordana,jrosindill21@tmall.com,Male
Gert,ghallums22@si.edu,Male
Melesa,mcalcraft23@cnbc.com,Male
Hobart,harnaudot24@dot.gov,Male
Robena,rfilde25@canalblog.com,Female
Vikki,vwainman26@bluehost.com,Female
Mirabelle,msullivan27@comsenz.com,Female
Amalee,ablowin28@issuu.com,Male
Bird,bhuntingdon29@redcross.org,Female
Marlene,mdresser2a@jiathis.com,Female
Rustin,rpackman2b@ebay.com,Female
Kip,ktupper2c@tiny.cc,Female
Rollins,rstallworth2d@mayoclinic.com,Female
Fredek,fcossey2e@shareasale.com,Polygender
Randie,rgarret2f@rambler.ru,Female
Olly,ogiovannoni2g@kickstarter.com,Male
Eloisa,eassad2h@state.tx.us,Female
Maurise,mperez2i@ehow.com,Polygender
Nora,nbarnwill2j@slate.com,Male
Shauna,sscanes2k@jiathis.com,Genderqueer
Nollie,nsumers2l@blinklist.com,Female
Neal,nosmint2m@jalbum.net,Female
Bevon,bgoundsy2n@alibaba.com,Female
Gale,glepiscopi2o@virginia.edu,Male
Sallee,smerwe2p@epa.gov,Female
Kelsi,kvaulkhard2q@purevolume.com,Male
Cheslie,cjanout2r@yellowpages.com,Male
Aeriell,aparmenter2s@webeden.co.uk,Polygender
Lauritz,lrisbie2t@goo.gl,Male
Mallissa,mbellwood2u@ebay.co.uk,Female
Giacobo,gdelleschi2v@is.gd,Female
Fairlie,fhellikes2w@rambler.ru,Male
Fifi,fmacsween2x@t-online.de,Male
Mab,mplevin2y@businessweek.com,Male
Dunc,dyakunikov2z@yolasite.com,Male
Elvira,ebrunke30@state.gov,Agender
Joel,jenoch31@wikia.com,Female
Atalanta,aalyukin32@utexas.edu,Genderqueer
Stoddard,sdefew33@sitemeter.com,Male
Florance,fshelborne34@state.tx.us,Female
Vidovik,vsandever35@example.com,Male
Sydney,spetrelli36@freewebs.com,Male
Lynde,lelven37@wisc.edu,Male
Lee,lgerrels38@ft.com,Bigender
Ulrick,ugoldstone39@hexun.com,Female
Helyn,hdaniello3a@discovery.com,Male
Hubie,hklug3b@hibu.com,Genderfluid
Junette,jping3c@deviantart.com,Male
Renato,rmorse3d@google.com.br,Male
Francesco,fkingdon3e@wordpress.org,Male
Tandie,tnoell3f@google.de,Female
Shannen,swoodman3g@ocn.ne.jp,Male
Karl,kpaxforde3h@1und1.de,Male
Janey,jknighton3i@nytimes.com,Non-binary
Duffie,dbattrum3j@baidu.com,Female
Sabrina,sharle3k@godaddy.com,Female
Caroljean,cstoate3l@purevolume.com,Agender
Luther,lnolder3m@smh.com.au,Male
Geoff,gmarsie3n@twitpic.com,Male
Laina,lfilipponi3o@hatena.ne.jp,Female
Raff,ringlefield3p@123-reg.co.uk,Agender
Avivah,ayerborn3q@youku.com,Male
Wilt,wgosden3r@about.com,Female
Korey,kfri3s@wix.com,Female
Kit,kallcorn3t@storify.com,Female
Elissa,eludovico3u@msn.com,Female
Patrica,pchaperling3v@salon.com,Male
Jasmina,jeley3w@ed.gov,Male
Martainn,mgradwell3x@hatena.ne.jp,Male
Salmon,sbuttner3y@dion.ne.jp,Female
Louisette,lfegan3z@salon.com,Male
Rori,rkiernan40@jimdo.com,Female
Leonanie,lodougherty41@sina.com.cn,Polygender
Emelita,ewasiela42@utexas.edu,Female
Gypsy,gcanellas43@hugedomains.com,Female
Brit,bchoake44@gizmodo.com,Male
Issie,ibazeley45@yahoo.co.jp,Male
Karol,kbaldin46@wordpress.com,Male
Wynny,wcawte47@histats.com,Female
Abran,awenger48@theglobeandmail.com,Female
Sarette,smacphaden49@chicagotribune.com,Female
Jacintha,jcollings4a@google.co.uk,Female
Ardelia,asteet4b@berkeley.edu,Male
Janis,jbenstead4c@weebly.com,Female
Tedman,ttrowel4d@globo.com,Female
Cordy,cvanderkruijs4e@amazon.co.uk,Male
Florette,fmurdy4f@si.edu,Male
Judith,jsetterfield4g@state.tx.us,Genderfluid
Bevan,bkimmings4h@hugedomains.com,Male
Callie,clucas4i@jiathis.com,Non-binary
Rosco,rmccolley4j@blogtalkradio.com,Male
Julina,jperch4k@google.co.uk,Male
Danette,dbogart4l@indiatimes.com,Male
Rudd,rdeer4m@nydailynews.com,Bigender
Edi,edempsey4n@loc.gov,Female
Pietro,pjacqueminot4o@cbsnews.com,Male
Brit,bgabriel4p@plala.or.jp,Female
Gayel,gpreon4q@uiuc.edu,Male
Even,esimmins4r@meetup.com,Female
Vevay,vfollin4s@clickbank.net,Female
Lolita,lbuye4t@ask.com,Female
Bari,bbeckett4u@wisc.edu,Female
Cos,cbleakman4v@wikispaces.com,Male
Odele,okench4w@bing.com,Female
Timmie,tchadband4x@craigslist.org,Male
Genevra,gresun4y@domainmarket.com,Polygender
Gayle,gevenden4z@xing.com,Agender
Jeanie,jmiguel50@psu.edu,Polygender
Traver,tburkin51@comsenz.com,Male
Ingunna,ibayldon52@furl.net,Female
Isiahi,ibullerwell53@hubpages.com,Female
Osmund,okender54@intel.com,Male
Kayley,kselwyn55@sciencedirect.com,Male
Dar,dpury56@virginia.edu,Male
Bobbe,btyrer57@tiny.cc,Male
Evangeline,eflancinbaum58@de.vu,Male
Adolph,achisnall59@bbb.org,Male
Cliff,ccreaven5a@hibu.com,Male
Rosina,rhirjak5b@meetup.com,Female
Angie,abranca5c@google.it,Bigender
Ketty,kspiaggia5d@google.com.br,Male
Odetta,ohawyes5e@slate.com,Agender
Kenneth,knashe5f@mit.edu,Male
Peter,pdunn5g@nydailynews.com,Female
Lyndy,lkingscott5h@fda.gov,Female
Robinia,rvassel5i@yahoo.co.jp,Male
Thaine,tcowoppe5j@harvard.edu,Male
Reggy,rmcclean5k@blogs.com,Female
Zolly,zchillingworth5l@archive.org,Male
Harley,hskeffington5m@cnet.com,Male
Rose,rbryan5n@technorati.com,Male
Stanislaus,stuminelli5o@storify.com,Male
Ania,aashling5p@elpais.com,Female
Dara,dgribbins5q@com.com,Female
Norina,npaxton5r@auda.org.au,Female
Ricoriki,rolden5s@webeden.co.uk,Non-binary
Pernell,pdoyley5t@mapquest.com,Male
Danna,ddearsley5u@com.com,Bigender
Parnell,pmorewood5v@exblog.jp,Male
Joelie,jhunnable5w@uol.com.br,Female
Oliviero,ogoymer5x@yandex.ru,Agender
Carleen,ctambling5y@nasa.gov,Female
Chad,cbearn5z@apache.org,Female
Chaddy,cdecruze60@goo.ne.jp,Female
Eugene,eoddey61@dell.com,Bigender
Adriane,amusto62@netscape.com,Male
Haley,hsabatier63@behance.net,Male
Allissa,apote64@wsj.com,Male
Trixy,tcawse65@dropbox.com,Female
Eleanore,estanyland66@shutterfly.com,Male
Bruis,btethcote67@yellowbook.com,Male
Dall,ddulling68@biglobe.ne.jp,Female
Sean,sburn69@tinypic.com,Male
Maxy,mmallord6a@google.fr,Female
Annabela,anussey6b@nsw.gov.au,Female
Cyndia,ctaylot6c@europa.eu,Female
Pammi,pmessenbird6d@dropbox.com,Female
Lilllie,lletts6e@etsy.com,Female
Fancie,fsturch6f@omniture.com,Male
Annadiane,atink6g@exblog.jp,Female
Bertine,bcaldera6h@altervista.org,Female
Tamqrah,tbrandacci6i@twitpic.com,Male
Vinni,vkivell6j@ucla.edu,Female
Glynda,gbourley6k@google.com.hk,Male
Eb,enibley6l@ucoz.ru,Male
De,druthen6m@guardian.co.uk,Male
Ericka,eloney6n@archive.org,Male
Dorella,dfoxon6o@bravesites.com,Male
Shay,swalter6p@ovh.net,Male
Meryl,mtofts6q@godaddy.com,Female
Zonnya,ziorio6r@blog.com,Male
Rois,rwalak6s@hhs.gov,Female
Annabel,afaye6t@narod.ru,Male
Wildon,wsylvester6u@gnu.org,Male
Jack,jfriskey6v@cam.ac.uk,Male
Gordie,gvine6w@so-net.ne.jp,Agender
Bartram,bmeegan6x@apache.org,Male
Veronika,vavard6y@dion.ne.jp,Male
Simeon,scockayme6z@jiathis.com,Male
Reidar,reglese70@microsoft.com,Male
Dominica,dkeepence71@home.pl,Genderfluid
Art,arobilliard72@time.com,Male
Rustie,rmatys73@apache.org,Male
Julie,jscotti74@jalbum.net,Female
Tobey,tstandeven75@networksolutions.com,Female
Pavlov,phertwell76@usda.gov,Female
Kendell,kkreutzer77@sohu.com,Male
Peter,pbarrus78@shutterfly.com,Male
Edgard,eruppert79@zdnet.com,Male
Marinna,mkillelay7a@twitter.com,Female
Agna,aoats7b@mediafire.com,Female
Cacilie,cbest7c@si.edu,Female
Marianne,mchesters7d@ovh.net,Bigender
Jacqueline,jsimonsen7e@quantcast.com,Male
Saree,scathcart7f@army.mil,Female
Joyous,jacutt7g@xing.com,Male
Tallulah,truddock7h@ebay.co.uk,Female
Buffy,bsaxon7i@mail.ru,Male
Addy,asimone7j@admin.ch,Male
Marylou,mrosenfrucht7k@123-reg.co.uk,Genderfluid
Alfons,apickles7l@blogspot.com,Male
Monti,mcossington7m@mayoclinic.com,Male
Arleen,abockh7n@behance.net,Male
Belinda,bmapstone7o@state.tx.us,Female
Corie,cjacqueminet7p@opensource.org,Female
Perren,psplain7q@narod.ru,Female
Carrissa,ceamer7r@cdc.gov,Female
Hilary,heasun7s@ucsd.edu,Agender
Myra,mwillans7t@cmu.edu,Male
Garvey,gcolvill7u@diigo.com,Male
Rawley,rhellcat7v@taobao.com,Female
Tamra,tboner7w@abc.net.au,Female
Reade,rnewborn7x@geocities.jp,Female
Zorine,zlack7y@free.fr,Male
Gianna,gbagnall7z@t-online.de,Female
Trey,tcosyns80@blog.com,Male
Bree,biohananof81@wix.com,Male
Maxy,mchaise82@soundcloud.com,Female
Alonzo,afawcitt83@elpais.com,Male
Zondra,zrickaert84@prweb.com,Female
Kelwin,kbraden85@disqus.com,Female
Pen,plawtie86@globo.com,Male
Mayor,mlorenzini87@ask.com,Female
Desi,dvinden88@oracle.com,Male
Siusan,shopewell89@va.gov,Male
Zsazsa,zvanderbeek8a@t-online.de,Female
Marchelle,mgurnay8b@constantcontact.com,Male
